{"cameraMode":{"drawMode":0,"name":"Shaded","section":"Shading Mode"},"sceneLighting":true,"audioPlay":false,"sceneViewState":{"m_AlwaysRefresh":false,"showFog":true,"showSkybox":false,"showFlares":true,"showImageEffects":true,"showParticleSystems":true,"showVisualEffectGraphs":true,"m_FxEnabled":true},"in2DMode":false,"pivot":{"x":24.743858337402345,"y":-1.0571658611297608,"z":-30.496761322021486},"rotation":{"x":-0.02509358339011669,"y":-0.3426646292209625,"z":0.0022009634412825109,"w":-0.9402652382850647},"size":33.20248031616211,"orthographic":false}