{"cameraMode":{"drawMode":0,"name":"Shaded","section":"Shading Mode"},"sceneLighting":false,"audioPlay":false,"sceneViewState":{"m_AlwaysRefresh":false,"showFog":true,"showSkybox":false,"showFlares":true,"showImageEffects":true,"showParticleSystems":true,"showVisualEffectGraphs":true,"m_FxEnabled":true},"in2DMode":false,"pivot":{"x":-0.003744781017303467,"y":0.5304154753684998,"z":0.007670193910598755},"rotation":{"x":0.006108954548835754,"y":0.9890747666358948,"z":-0.12337848544120789,"w":0.0902937650680542},"size":0.3856656551361084,"orthographic":false}