{"cameraMode":{"drawMode":0,"name":"Shaded","section":"Shading Mode"},"sceneLighting":false,"audioPlay":false,"sceneViewState":{"m_AlwaysRefresh":false,"showFog":true,"showSkybox":false,"showFlares":true,"showImageEffects":true,"showParticleSystems":true,"showVisualEffectGraphs":true,"m_FxEnabled":true},"in2DMode":false,"pivot":{"x":7.380820274353027,"y":1.4119884967803956,"z":-67.10578155517578},"rotation":{"x":0.00848285760730505,"y":-0.9378122687339783,"z":0.35363608598709109,"w":0.01615125685930252},"size":0.5482416152954102,"orthographic":false}