{"cameraMode":{"drawMode":0,"name":"Shaded","section":"Shading Mode"},"sceneLighting":false,"audioPlay":false,"sceneViewState":{"m_AlwaysRefresh":false,"showFog":true,"showSkybox":false,"showFlares":true,"showImageEffects":true,"showParticleSystems":true,"showVisualEffectGraphs":true,"m_FxEnabled":true},"in2DMode":false,"pivot":{"x":0.035066038370132449,"y":0.6085777878761292,"z":-0.004919946193695068},"rotation":{"x":-0.2050054669380188,"y":-0.49493443965911868,"z":0.12762542068958283,"w":-0.8356998562812805},"size":0.7026322484016419,"orthographic":false}