{"cameraMode":{"drawMode":0,"name":"Shaded","section":"Shading Mode"},"sceneLighting":false,"audioPlay":false,"sceneViewState":{"m_AlwaysRefresh":false,"showFog":true,"showSkybox":false,"showFlares":true,"showImageEffects":true,"showParticleSystems":true,"showVisualEffectGraphs":true,"m_FxEnabled":true},"in2DMode":false,"pivot":{"x":0.7477405071258545,"y":0.3715342581272125,"z":0.5257234573364258},"rotation":{"x":-0.06373606622219086,"y":0.8845788240432739,"z":-0.12830685079097749,"w":-0.44434526562690737},"size":0.05006439611315727,"orthographic":false}