{"cameraMode":{"drawMode":0,"name":"Shaded","section":"Shading Mode"},"sceneLighting":false,"audioPlay":false,"sceneViewState":{"m_AlwaysRefresh":false,"showFog":true,"showSkybox":false,"showFlares":true,"showImageEffects":true,"showParticleSystems":true,"showVisualEffectGraphs":true,"m_FxEnabled":true},"in2DMode":false,"pivot":{"x":0.11860886216163635,"y":0.07318386435508728,"z":-0.0012613534927368165},"rotation":{"x":-0.1567603200674057,"y":-0.7794162631034851,"z":0.22574792802333833,"w":-0.5644856691360474},"size":0.8980257511138916,"orthographic":false}