{"cameraMode":{"drawMode":0,"name":"Shaded","section":"Shading Mode"},"sceneLighting":false,"audioPlay":false,"sceneViewState":{"m_AlwaysRefresh":false,"showFog":true,"showSkybox":false,"showFlares":true,"showImageEffects":true,"showParticleSystems":true,"showVisualEffectGraphs":true,"m_FxEnabled":true},"in2DMode":false,"pivot":{"x":-0.07479126751422882,"y":0.7212597131729126,"z":-0.20088978111743928},"rotation":{"x":-0.002976538147777319,"y":0.994416356086731,"z":-0.11157289147377014,"w":0.01886953040957451},"size":0.6265133619308472,"orthographic":false}