{"cameraMode":{"drawMode":0,"name":"Shaded","section":"Shading Mode"},"sceneLighting":false,"audioPlay":false,"sceneViewState":{"m_AlwaysRefresh":false,"showFog":false,"showSkybox":false,"showFlares":false,"showImageEffects":false,"showParticleSystems":false,"showVisualEffectGraphs":true,"m_FxEnabled":true},"in2DMode":false,"pivot":{"x":0.2605980932712555,"y":0.39852410554885867,"z":-0.5673763751983643},"rotation":{"x":0.0039058849215507509,"y":-0.9914615750312805,"z":0.14034022390842439,"w":-0.04740237444639206},"size":1.5410068035125733,"orthographic":false}