{"cameraMode":{"drawMode":0,"name":"Shaded","section":"Shading Mode"},"sceneLighting":true,"audioPlay":false,"sceneViewState":{"m_AlwaysRefresh":false,"showFog":true,"showSkybox":false,"showFlares":true,"showImageEffects":true,"showParticleSystems":true,"showVisualEffectGraphs":true,"m_FxEnabled":true},"in2DMode":false,"pivot":{"x":17.070859909057618,"y":1.695939302444458,"z":-68.55854034423828},"rotation":{"x":0.014966619201004506,"y":0.38325589895248415,"z":0.017259184271097184,"w":-0.9260812401771545},"size":1.4540281295776368,"orthographic":false}