{"cameraMode":{"drawMode":0,"name":"Shaded","section":"Shading Mode"},"sceneLighting":false,"audioPlay":false,"sceneViewState":{"m_AlwaysRefresh":false,"showFog":true,"showSkybox":false,"showFlares":true,"showImageEffects":true,"showParticleSystems":true,"showVisualEffectGraphs":true,"m_FxEnabled":true},"in2DMode":false,"pivot":{"x":0.19029200077056886,"y":-0.05590599775314331,"z":0.12056347727775574},"rotation":{"x":0.08527360111474991,"y":-0.9235867261886597,"z":0.26294323801994326,"w":0.2700323462486267},"size":1.1602703332901,"orthographic":false}